"Date","MONTH","CHIRP_KIR","CHIRP_MUY","OBS_KIR","OBS_MUY","ERA5_KIR","ERA5_MUY"
1986-01-01,1,"94.05499999999999","140.271","95.9999998803","116.29999999999998","110.0","166.0"
1986-02-01,2,"87.16999999999999","95.386","71.8999999636","100.10000000000001","107.0","160.0"
1986-03-01,3,"119.99000000000001","121.35800000000002","146.39999985179998","159.1","140.0","230.0"
1986-04-01,4,"318.27500000000003","279.964","354.49999946070005","341.6999999999999","307.0","330.0"
1986-05-01,5,"85.22800000000004","84.36699999999998","67.69999993260001","57.50000000000001","132.0","161.0"
1986-06-01,6,"14.292","8.506","47.6999999806","43.7","18.0","17.0"
1986-07-01,7,"0.5479999999999999","0.515","0.0","0.0","0.0","0.0"
1986-08-01,8,"8.32","4.478000000000001","0.0","1.4","7.0","7.0"
1986-09-01,9,"42.853","30.827","41.1999999769","30.099999999999998","60.0","52.0"
1986-10-01,10,"136.88400000000001","134.838","204.29999975709998","182.39999999999998","199.0","254.0"
1986-11-01,11,"139.885","165.06799999999996","111.39999985780001","164.00000000000003","216.0","293.0"
1986-12-01,12,"93.305","101.62299999999996","76.0999998715","51.8","178.0","263.0"
1987-01-01,1,"98.90499999999999","130.868","107.69999995769999","145.30000000000004","140.0","217.0"
1987-02-01,2,"92.71100000000001","77.481","94.19999996009999","63.300000000000004","156.0","207.0"
1987-03-01,3,"158.40300000000002","161.55100000000002","169.0999999568","236.59999999999997","161.0","228.0"
1987-04-01,4,"147.702","175.83099999999996","136.69999986739998","210.99999999999994","266.0","284.0"
1987-05-01,5,"122.57900000000001","115.047","92.5999999401","184.0","196.0","204.0"
1987-06-01,6,"9.267","3.007","2.7999999998000002","26.8","28.0","22.0"
1987-07-01,7,"3.5269999999999997","1.7260000000000002","0.0","0.0","0.0","0.0"
1987-08-01,8,"12.763000000000002","8.725000000000001","9.7999999797","1.6","22.0","15.0"
1987-09-01,9,"84.43499999999999","92.703","57.499999963099995","141.9","145.0","165.0"
1987-10-01,10,"108.205","101.48500000000001","165.79999993119998","97.89999999999999","124.0","161.0"
1987-11-01,11,"188.459","208.44399999999993","252.0999997592","332.0","177.0","219.0"
1987-12-01,12,"49.388","65.862","26.1999999685","64.9","49.0","101.0"
1988-01-01,1,"118.42900000000002","175.039","72.4999999286","325.49999999999994","110.0","179.0"
1988-02-01,2,"78.689","80.71599999999998","83.4999999618","167.0","58.0","97.0"
1988-03-01,3,"147.261","161.96599999999998","146.8999998833","169.7","165.0","220.0"
1988-04-01,4,"263.906","262.518","263.69999979989996","281.6","213.0","253.0"
1988-05-01,5,"53.762","39.483","40.5999999717","36.800000000000004","64.0","55.0"
1988-06-01,6,"6.676999999999999","1.7109999999999996","2.2999999998","6.2","6.0","5.0"
1988-07-01,7,"3.42","1.3900000000000001","0.0","0.1","1.0","1.0"
1988-08-01,8,"54.919000000000004","39.62","77.89999994259999","63.8","34.0","34.0"
1988-09-01,9,"66.46300000000001","55.065","55.1999998988","30.0","84.0","88.0"
1988-10-01,10,"135.42","136.17600000000002","176.4999997735","187.29999999999998","193.0","206.0"
1988-11-01,11,"136.10199999999998","125.011","178.19999992660001","80.2","202.0","242.0"
1988-12-01,12,"88.26599999999999","108.95100000000001","82.0999998878","125.59999999999998","137.0","192.0"
1989-01-01,1,"81.778","97.05999999999999","80.0999999202","31.60000000000001","87.0","124.0"
1989-02-01,2,"103.173","114.69800000000001","82.1999999247","170.39999999999998","87.0","113.0"
1989-03-01,3,"138.57999999999996","161.87300000000002","109.49999986250002","119.60000000000001","142.0","221.0"
1989-04-01,4,"151.602","149.683","137.7999998775","115.2","171.0","200.0"
1989-05-01,5,"89.20500000000001","65.894","76.4999999115","143.2","114.0","126.0"
1989-06-01,6,"19.618","12.719","48.0999999545","57.49999999999999","18.0","16.0"
1989-07-01,1,"1.38","1.381","30.5","0.0","0.0","0.0"
1989-08-01,2,"36.248","22.264000000000003","56.5999999992","26.400000000000002","19.0","15.0"
1989-09-01,3,"53.318000000000005","52.07","56.1999999497","62.300000000000004","117.0","143.0"
1989-10-01,4,"97.606","108.68600000000002","97.59999987309999","94.39999999999999","176.0","206.0"
1989-11-01,5,"109.18200000000002","114.06800000000001","82.79999989","87.9","158.0","189.0"
1989-12-01,6,"155.754","169.917","123.7999998976","195.79999999999998","147.0","198.0"
1990-01-01,7,"78.33999999999999","79.62299999999999","87.4999999006","72.6","96.0","135.0"
1990-02-01,8,"155.34700000000004","160.25400000000002","165.4999997895","194.9","181.0","209.0"
1990-03-01,9,"136.307","153.651","114.69999992120002","146.99999999999997","218.0","284.0"
1990-04-01,10,"167.10199999999998","149.722","186.89999991680003","111.39999999999999","180.0","235.0"
1990-05-01,11,"82.393","74.561","110.49999988450001","64.6","90.0","106.0"
1990-06-01,12,"3.142","0.747","0.0","0.0","0.0","0.0"
1990-07-01,1,"3.7800000000000002","1.9080000000000001","0.0","0.0","0.0","0.0"
1990-08-01,2,"12.115","10.175","10.1999999918","17.8","6.0","4.0"
1990-09-01,3,"76.779","74.47","63.8999999328","79.7","108.0","128.0"
1990-10-01,4,"90.147","93.03500000000003","119.399999937","104.99999999999999","126.0","152.0"
1990-11-01,5,"142.07","126.19","190.8999998825","110.9","157.0","209.0"
1990-12-01,6,"107.20400000000004","123.69699999999999","126.39999993309998","152.5","137.0","192.0"
1991-01-01,7,"76.11100000000002","95.182","103.5999998949","96.10000000000001","104.0","174.0"
1991-02-01,8,"83.647","100.00999999999998","83.9999999478","86.69999999999999","69.0","115.0"
1991-03-01,9,"128.881","131.95800000000003","90.89999990090001","110.49999999999999","151.0","138.0"
1991-04-01,10,"158.94299999999998","167.93600000000006","187.59999987939997","148.2","229.0","239.0"
1991-05-01,11,"159.39800000000002","171.694","201.6999997623","162.50000000000003","211.0","210.0"
1991-06-01,12,"19.121","12.332999999999998","17.0","39.2","56.0","45.0"
1991-07-01,1,"4.124","1.4280000000000002","4.9000000004","0.4","10.0","11.0"
1991-08-01,2,"7.533","4.949000000000001","0.0","23.3","19.0","14.0"
1991-09-01,3,"31.779","24.067000000000004","29.1999999621","15.7","42.0","41.0"
1991-10-01,4,"133.14300000000006","103.59500000000003","149.8999999058","141.3","199.0","227.0"
1991-11-01,5,"102.81600000000002","106.67800000000001","78.7999999723","106.3","140.0","186.0"
1991-12-01,6,"102.39200000000002","114.81199999999998","79.09999997130001","44.7","116.0","161.0"
1992-01-01,7,"53.086999999999996","81.12","26.5999999894","108.39999999999999","87.0","135.0"
1992-02-01,8,"67.184","93.44","30.6999999725","132.39999999999998","88.0","161.0"
1992-03-01,9,"107.58500000000001","116.322","135.5999999229","103.10000000000001","87.0","125.0"
1992-04-01,10,"206.76","208.522","203.19999982509998","303.49999999999994","222.0","238.0"
1992-05-01,11,"79.37800000000001","83.814","95.8999999504","42.7","103.0","114.0"
1992-06-01,12,"18.304999999999996","6.375000000000001","44.5999999984","7.6","38.0","37.0"
1992-07-01,1,"5.6339999999999995","3.051","0.0","0.0","0.0","0.0"
1992-08-01,2,"5.886000000000001","3.098","0.0","0.5","0.0","0.0"
1992-09-01,3,"59.25600000000001","50.18","25.699999972700002","56.8","41.0","25.0"
1992-10-01,4,"121.666","116.99","118.09999987860002","117.2","164.0","176.0"
1992-11-01,5,"119.68699999999998","109.985","109.69999987879999","65.7","159.0","203.0"
1992-12-01,6,"117.95200000000001","141.92099999999996","156.89999981460002","143.9","127.0","193.0"
1993-01-01,7,"142.404","172.99500000000003","95.19999993470002","221.10000000000002","120.0","170.0"
1993-02-01,8,"89.183","95.421","126.7999999501","50.4","78.0","114.0"
1993-03-01,9,"135.263","146.59599999999998","136.5999999027","150.5","81.0","138.0"
1993-04-01,10,"154.17","167.70499999999998","161.79999993269996","269.99999999999994","184.0","225.0"
1993-05-01,11,"100.11200000000002","89.96700000000001","101.29999993240001","78.80000000000001","139.0","165.0"
1993-06-01,12,"7.165","4.254","2.4999999999000004","0.3","7.0","5.0"
1993-07-01,7,"0.562","0.055999999999999994","0.0","0.0","0.0","0.0"
1993-08-01,8,"41.796","29.987000000000002","54.9999999319","56.0","16.0","14.0"
1993-09-01,9,"24.634","15.412999999999998","6.1999999904","0.3","8.0","7.0"
1993-10-01,10,"63.30000000000001","54.248000000000005","63.1999999824","76.3","73.0","38.0"
1993-11-01,11,"115.156","120.76699999999998","0.0","168.0","217.0","0.0"
1993-12-01,12,"90.49600000000002","109.09099999999998","37.2999999956","133.6","159.0","56.0"
1994-01-01,1,"92.699","110.883","78.3999999449","103.70000000000002","101.0","86.0"
1994-02-01,2,"86.05599999999998","107.82600000000001","97.59999997289998","83.0","87.0","149.0"
1994-03-01,3,"162.08899999999997","155.62399999999997","122.39999997750003","160.79999999999998","147.0","223.0"
1994-04-01,4,"155.288","152.95799999999997","112.3999999579","103.7","153.0","203.0"
1994-05-01,5,"117.17300000000002","97.91499999999999","121.69999995930002","85.80000000000001","101.0","126.0"
1994-06-01,6,"7.968","2.985","0.5","0.0","8.0","4.0"
1994-07-01,7,"4.2620000000000005","2.5299999999999994","4.8999999997","0.0","1.0","1.0"
1994-08-01,8,"17.451999999999998","12.971","27.7999999854","8.899999999999999","11.0","11.0"
1994-09-01,9,"38.998000000000005","32.855","18.299999988499998","1.6","41.0","53.0"
1994-10-01,10,"105.63800000000003","106.257","120.49999996800001","107.80000000000001","150.0","210.0"
1994-11-01,11,"166.805","151.402","187.39999988019997","218.9","236.0","270.0"
1994-12-01,12,"120.78699999999996","134.602","99.9999999729","132.09999999999997","128.0","225.0"
1995-01-01,1,"77.46199999999999","97.13400000000001","54.1999999754","80.60000000000001","79.0","150.0"
1995-02-01,2,"95.15500000000002","116.208","105.09999994649999","151.90000000000003","92.0","124.0"
1995-03-01,3,"108.79200000000002","109.345","75.1999999738","67.39999999999999","118.0","172.0"
1995-04-01,4,"178.172","186.754","228.8999998839","163.1","195.0","237.0"
1995-05-01,5,"100.07600000000001","97.59700000000001","110.99999996849998","108.19999999999999","104.0","113.0"
1995-06-01,6,"36.508","19.668","71.6999999583","37.2","23.0","18.0"
1995-07-01,7,"0.564","0.13999999999999999","0.0","0.0","0.0","0.0"
1995-08-01,8,"7.598000000000001","3.012","0.8999999998999999","0.0","0.0","0.0"
1995-09-01,9,"43.227000000000004","37.926","61.39999995679999","52.199999999999996","43.0","34.0"
1995-10-01,10,"133.888","118.956","238.4999998652","74.79999999999998","130.0","157.0"
1995-11-01,11,"122.53999999999999","109.65499999999999","95.99999994609999","141.1","155.0","197.0"
1995-12-01,12,"79.24499999999999","87.389","108.39999999279999","113.30000000000001","61.0","107.0"
1996-01-01,1,"73.578","95.996","73.4999999538","85.39999999999999","94.0","129.0"
1996-02-01,2,"102.149","119.00900000000001","104.49999997910002","131.09999999999997","119.0","180.0"
1996-03-01,3,"145.23000000000002","151.21400000000003","121.1999998654","168.4","139.0","194.0"
1996-04-01,4,"129.81099999999998","135.99499999999998","223.4999997088","89.2","127.0","160.0"
1996-05-01,5,"52.387","51.844","48.3999999547","21.799999999999997","68.0","68.0"
1996-06-01,6,"8.947000000000001","4.38","4.9999999998","0.0","0.0","0.0"
1996-07-01,7,"10.464999999999998","4.324","5.2000000002","2.3000000000000003","1.0","0.0"
1996-08-01,8,"40.483000000000004","23.820999999999998","54.199999988100004","35.0","35.0","32.0"
1996-09-01,9,"71.18200000000002","77.73899999999998","102.59999987970001","88.90000000000002","82.0","77.0"
1996-10-01,10,"81.45500000000001","82.53","76.6999999704","111.19999999999997","135.0","135.0"
1996-11-01,11,"121.812","122.645","96.59999991060002","103.00000000000001","120.0","192.0"
1996-12-01,12,"91.59599999999999","120.15899999999999","49.7999999451","154.2","58.0","107.0"
1997-01-01,1,"123.87599999999998","150.67199999999997","89.5999999176","136.39999999999998","66.0","100.0"
1997-02-01,2,"53.644000000000005","66.201","21.4000000002","58.50000000000001","30.0","67.0"
1997-03-01,3,"141.746","151.482","121.699999811","199.89999999999998","104.0","154.0"
1997-04-01,4,"235.03299999999996","255.10199999999998","231.5999998769","297.6","208.0","239.0"
1997-05-01,5,"124.315","118.84000000000002","174.99999977010003","93.70000000000002","159.0","164.0"
1997-06-01,6,"13.321000000000002","4.141","1.8999999998","3.7","10.0","9.0"
1997-07-01,7,"3.911","1.973","0.4","0.0","1.0","0.0"
1997-08-01,8,"24.893","16.418","4.0999999998000005","24.0","2.0","1.0"
1997-09-01,9,"23.725","18.018","6.2000000002","14.799999999999999","5.0","2.0"
1997-10-01,10,"135.548","145.45100000000002","105.2999999448","174.7","174.0","202.0"
1997-11-01,11,"188.33399999999995","197.825","229.79999976220003","215.8","254.0","304.0"
1997-12-01,12,"128.44700000000003","158.274","212.59999991950002","361.80000000000007","212.0","280.0"
1998-01-01,1,"163.587","178.394","279.2999998207","188.29999999999998","178.0","251.0"
1998-02-01,2,"123.44899999999998","145.77200000000002","137.6999998787","137.8","165.0","215.0"
1998-03-01,3,"204.26100000000002","220.811","140.19999985500004","228.7","166.0","234.0"
1998-04-01,4,"165.32699999999994","167.19899999999996","196.3999997238","125.50000000000001","168.0","204.0"
1998-05-01,5,"109.54699999999998","89.395","112.4999998773","46.800000000000004","107.0","108.0"
1998-06-01,6,"13.664000000000001","9.895999999999999","27.0999999939","7.4","26.0","19.0"
1998-07-01,7,"2.352","0.61","7.6999999899","0.0","0.0","0.0"
1998-08-01,8,"8.911999999999999","5.3069999999999995","3.0999999995999996","0.2","13.0","9.0"
1998-09-01,9,"64.27300000000001","47.11","90.6999999761","42.40000000000001","26.0","23.0"
1998-10-01,10,"92.945","85.58999999999999","100.69999993699999","70.09999999999998","80.0","85.0"
1998-11-01,11,"89.73299999999999","77.368","39.5999999624","59.3","67.0","96.0"
1998-12-01,12,"76.66900000000001","84.90400000000001","22.799999991200004","57.4","49.0","94.0"
1999-01-01,1,"81.773","106.73700000000001","59.7999999458","87.7","109.0","134.0"
1999-02-01,2,"27.340999999999998","40.99399999999999","21.0999999905","15.5","13.0","25.0"
1999-03-01,3,"198.003","194.958","192.59999977340001","247.10000000000002","155.0","179.0"
1999-04-01,4,"102.344","115.413","98.3999999151","71.0","129.0","146.0"
1999-05-01,5,"72.953","54.379999999999995","83.89999992780001","41.49999999999999","45.0","52.0"
1999-06-01,6,"5.291","1.814","0.0","0.0","0.0","1.0"
1999-07-01,7,"0.742","0.299","0.0","0.0","0.0","0.0"
1999-08-01,8,"31.226","19.5","42.79999995280001","17.699999999999996","38.0","35.0"
1999-09-01,9,"63.724000000000004","54.578","105.59999991759999","42.2","29.0","28.0"
1999-10-01,10,"62.654999999999994","53.766000000000005","71.2999999816","49.2","37.0","53.0"
1999-11-01,11,"114.676","132.56599999999997","68.5999999277","122.1","127.0","169.0"
1999-12-01,12,"111.47399999999999","142.52899999999997","167.4999997658","133.0","156.0","205.0"
2000-01-01,1,"65.23100000000001","85.258","44.199999931200004","86.0","68.0","102.0"
2000-02-01,2,"56.71","70.783","74.6999999665","36.49999999999999","59.0","93.0"
2000-03-01,3,"161.248","174.68599999999998","160.2999998123","221.29999999999998","109.0","156.0"
2000-04-01,4,"96.312","97.96700000000001","105.99999991850001","87.0","124.0","142.0"
2000-05-01,5,"43.55499999999999","38.181","55.9999999762","21.700000000000003","27.0","18.0"
2000-06-01,6,"4.804","1.1400000000000001","0.2","2.2","1.0","1.0"
2000-07-01,7,"1.074","0.65","0.0","0.0","0.0","0.0"
2000-08-01,8,"7.552","4.301","0.0","0.0","1.0","1.0"
2000-09-01,9,"24.651999999999997","19.483","31.7999999546","10.8","8.0","6.0"
2000-10-01,10,"92.56299999999999","76.20899999999999","80.4999999055","85.8","88.0","99.0"
2000-11-01,11,"156.877","176.62300000000002","86.99999996700001","133.89999999999998","120.0","155.0"
2000-12-01,12,"128.16400000000002","168.751","89.29999994399999","169.2","104.0","173.0"
2001-01-01,1,"131.98800000000003","151.086","148.599999936","125.1","130.0","186.0"
2001-02-01,2,"66.03","76.245","36.799999955500006","134.29999999999998","74.0","120.0"
2001-03-01,3,"153.423","133.54999999999998","66.19999993369998","141.0","146.0","178.0"
2001-04-01,4,"152.76800000000006","136.697","135.7999998885","139.3","142.0","136.0"
2001-05-01,5,"90.684","94.69300000000001","63.9999999443","54.50000000000001","61.0","62.0"
2001-06-01,6,"8.46","4.119000000000001","5.6999999999","1.8","1.0","0.0"
2001-07-01,7,"12.690000000000001","7.626","88.39999992070001","0.0","28.0","27.0"
2001-08-01,8,"23.668999999999997","12.51","36.099999968000006","2.5","15.0","15.0"
2001-09-01,9,"111.91","131.75","126.59999995170001","161.99999999999997","109.0","131.0"
2001-10-01,10,"164.71","166.511","130.89999991329998","165.79999999999998","146.0","164.0"
2001-11-01,11,"191.613","163.11399999999998","78.49999995050001","222.6","148.0","210.0"
2001-12-01,12,"90.98000000000002","122.141","98.1999999981","70.6","91.0","152.0"
2002-01-01,1,"122.387","146.00400000000002","106.0999999436","142.8","146.0","198.0"
2002-02-01,2,"74.824","81.06400000000001","95.0999998841","40.9","61.0","93.0"
2002-03-01,3,"178.126","175.48499999999999","174.69999992340004","158.8","152.0","193.0"
2002-04-01,4,"225.68899999999996","216.10199999999998","185.4999998452","166.8","186.0","229.0"
2002-05-01,5,"124.23899999999999","105.386","178.9999997789","166.00000000000003","76.0","76.0"
2002-06-01,6,"4.2250000000000005","1.052","0.0","0.0","0.0","0.0"
2002-07-01,7,"2.449","0.41","0.0","0.0","0.0","0.0"
2002-08-01,8,"11.882","8.303","0.0","0.0","1.0","1.0"
2002-09-01,9,"25.703","21.084","66.49999994020001","15.0","3.0","2.0"
2002-10-01,10,"87.27799999999999","79.93499999999999","64.1999999434","49.6","87.0","95.0"
2002-11-01,11,"124.47699999999999","120.025","121.79999985869999","142.4","147.0","202.0"
2002-12-01,12,"124.54300000000002","137.45000000000002","60.8999999372","160.4","156.0","222.0"
2003-01-01,1,"70.306","83.83","129.1999998423","119.7","56.0","90.0"
2003-02-01,2,"77.39399999999999","88.35300000000002","88.79999994539999","62.79999999999999","46.0","71.0"
2003-03-01,3,"89.41600000000001","98.965","132.1999998595","77.8","89.0","115.0"
2003-04-01,4,"158.762","160.024","286.29999976050004","199.3","125.0","149.0"
2003-05-01,5,"96.035","115.24900000000001","103.09999985300001","135.3","96.0","85.0"
2003-06-01,6,"8.878","4.227","3.1000000001000005","0.0","3.0","3.0"
2003-07-01,7,"1.403","0.38","8.4999999814","0.0","0.0","0.0"
2003-08-01,8,"25.179","17.936000000000003","61.2999999496","18.0","6.0","5.0"
2003-09-01,9,"66.25899999999999","48.381","79.99999990170001","62.50000000000001","29.0","30.0"
2003-10-01,10,"125.81899999999999","116.53800000000001","77.8999999283","112.3","108.0","116.0"
2003-11-01,11,"131.645","134.18499999999997","108.89999990900003","113.7","123.0","168.0"
2003-12-01,12,"89.21900000000001","104.45600000000002","57.4999999466","128.1","66.0","110.0"
2004-01-01,1,"100.92299999999997","118.47600000000001","68.49999993860001","138.9","79.0","112.0"
2004-02-01,2,"100.07699999999998","112.49999999999999","174.7999997816","166.60000000000002","83.0","125.0"
2004-03-01,3,"158.971","161.762","156.4999998917","244.9","121.0","161.0"
2004-04-01,4,"217.54899999999998","188.82400000000004","212.1999998059","224.00000000000003","165.0","199.0"
2004-05-01,5,"42.83999999999999","28.938","24.699999979700003","36.0","10.0","9.0"
2004-06-01,6,"4.709999999999999","1.242","0.0","0.0","0.0","0.0"
2004-07-01,7,"0.7549999999999999","0.17300000000000001","3.9000000004000004","0.0","1.0","1.0"
2004-08-01,8,"12.479","5.639","0.0","2.9","19.0","18.0"
2004-09-01,9,"57.696000000000005","57.234","87.8999998635","47.900000000000006","85.0","96.0"
2004-10-01,10,"102.818","93.67200000000001","59.6999999868","88.09999999999998","96.0","118.0"
2004-11-01,11,"183.48500000000004","155.93300000000002","152.29999989290002","131.5","139.0","179.0"
2004-12-01,12,"141.855","164.78199999999998","120.39999996069999","76.8","107.0","167.0"
2005-01-01,1,"85.918","108.64099999999999","72.9000000023","101.3","42.0","80.0"
2005-02-01,2,"61.038999999999994","52.381","160.3000000008","53.0","55.0","69.0"
2005-03-01,3,"150.63600000000002","144.318","191.50000000780003","140.40000000000003","117.0","163.0"
2005-04-01,4,"124.539","124.396","112.30000000209999","196.8","134.0","154.0"
2005-05-01,5,"112.73400000000001","106.783","169.30000000950002","67.0","141.0","162.0"
2005-06-01,6,"8.622","3.2230000000000003","14.6000000005","20.6","9.0","7.0"
2005-07-01,7,"0.5920000000000001","0.057999999999999996","0.0","0.0","0.0","0.0"
2005-08-01,8,"32.296","22.590000000000003","30.1999999986","30.2","50.0","44.0"
2005-09-01,9,"63.397999999999996","49.583000000000006","46.29999999729999","46.29999999999999","47.0","38.0"
2005-10-01,10,"135.86200000000002","97.44000000000001","103.4000000007","103.39999999999999","133.0","154.0"
2005-11-01,11,"84.435","90.116","69.80000000129999","69.8","102.0","150.0"
2005-12-01,12,"57.504000000000005","70.54700000000001","103.6999999954","103.7","49.0","81.0"
2006-01-01,1,"73.22600000000001","88.274","39.2999999627","95.3","60.0","95.0"
2006-02-01,2,"92.66099999999999","98.38600000000001","45.9999999583","89.00000000000001","80.0","111.0"
2006-03-01,3,"148.38199999999998","150.23700000000002","143.3999999408","133.5","130.0","178.0"
2006-04-01,4,"210.84400000000002","185.787","180.6999999615","165.12","190.0","212.0"
2006-05-01,5,"136.169","142.107","199.49999997350002","121.7","157.0","176.0"
2006-06-01,6,"6.185","1.698","4.5999999996","0.0","2.0","2.0"
2006-07-01,7,"6.7","2.7119999999999997","2.8999999999","0.0","17.0","14.0"
2006-08-01,8,"32.508","23.061999999999994","45.099999981","31.200000000000003","37.0","34.0"
2006-09-01,9,"41.362","33.504000000000005","64.3999999333","39.900000000000006","36.0","42.0"
2006-10-01,10,"75.44099999999999","72.70599999999999","77.2999999728","31.099999999999998","61.0","79.0"
2006-11-01,11,"217.08299999999997","194.97300000000004","225.19999980139997","203.7","196.0","266.0"
2006-12-01,12,"200.369","233.95699999999994","130.5999998487","144.5","180.0","230.0"
2007-01-01,1,"92.31500000000001","104.59499999999998","130.2999999479","71.9","104.0","183.0"
2007-02-01,2,"113.62700000000001","132.68399999999997","146.9999997923","130.9","104.0","150.0"
2007-03-01,3,"87.24899999999998","84.34800000000003","99.8999999016","69.5","82.0","130.0"
2007-04-01,4,"179.666","171.848","242.89999986109999","198.59999999999997","132.0","163.0"
2007-05-01,5,"123.257","84.21699999999998","77.899999937","53.8","48.0","44.0"
2007-06-01,6,"22.041","15.178999999999997","12.2999999998","70.7","36.0","46.0"
2007-07-01,7,"11.004999999999999","6.848","28.3999999901","8.3","14.0","10.0"
2007-08-01,8,"26.942000000000004","18.084","47.7999999487","19.2","22.0","21.0"
2007-09-01,9,"64.63400000000001","56.399","85.1999999829","104.3","64.0","57.0"
2007-10-01,10,"109.14599999999997","95.87000000000002","124.29999990310002","81.4","105.0","106.0"
2007-11-01,11,"138.458","144.723","129.5999999055","171.6","123.0","183.0"
2007-12-01,12,"80.86999999999999","104.01899999999999","26.1999999824","71.5","67.0","108.0"
2008-01-01,1,"71.616","95.82499999999999","66.99999993520001","123.60000000000002","100.0","152.0"
2008-02-01,2,"96.19099999999999","118.91499999999998","143.99999988300002","183.1","107.0","154.0"
2008-03-01,3,"126.29799999999997","145.593","252.0999999195","223.7","131.0","203.0"
2008-04-01,4,"122.31400000000002","107.10599999999998","143.2999998059","137.89999999999998","142.0","155.0"
2008-05-01,5,"49.36899999999999","39.914","63.3999999127","35.20000000000001","17.0","13.0"
2008-06-01,6,"35.514","22.804000000000002","52.599999892","19.8","22.0","16.0"
2008-07-01,7,"1.966","0.979","2.3999999994000003","4.2","5.0","4.0"
2008-08-01,8,"16.024","10.468000000000002","9.4999999776","3.4000000000000004","4.0","4.0"
2008-09-01,9,"50.848000000000006","55.699","35.499999972999994","55.30000000000001","30.0","30.0"
2008-10-01,10,"110.325","122.647","84.5999999664","155.09999999999997","134.0","147.0"
2008-11-01,11,"101.717","107.76600000000002","0.0","141.0","169.0","0.0"
2008-12-01,12,"76.171","84.434","0.0","42.0","84.0","0.0"
2009-01-01,1,"80.907","96.468","112.89999987290001","73.8","100.0","125.0"
2009-02-01,2,"132.99800000000002","141.024","136.8999999208","118.70000000000002","90.0","134.0"
2009-03-01,3,"128.38800000000003","131.05300000000003","115.0999998705","240.9","132.0","168.0"
2009-04-01,4,"152.104","156.44900000000004","174.99999983849997","220.39999999999992","155.0","202.0"
2009-05-01,5,"116.228","113.49999999999999","119.2999998905","41.20000000000001","74.0","89.0"
2009-06-01,6,"16.009999999999998","14.103000000000002","0.6999999997","6.0","20.0","22.0"
2009-07-01,7,"1.686","1.38","0.0","0.0","0.0","0.0"
2009-08-01,8,"18.847","15.477999999999998","25.6999999941","53.7","12.0","12.0"
2009-09-01,9,"41.178000000000004","38.18099999999999","102.1999998","49.6","55.0","58.0"
2009-10-01,10,"132.21300000000002","99.29299999999999","87.09999989629999","78.4","106.0","130.0"
2009-11-01,11,"142.32","150.042","143.199999949","141.8","173.0","220.0"
2009-12-01,12,"102.01699999999998","129.76899999999998","86.4999998967","134.20000000000002","163.0","211.0"
2010-01-01,1,"112.58299999999997","113.22500000000001","37.5999999875","136.4","98.0","158.0"
2010-02-01,2,"193.86699999999996","211.52399999999997","211.09999978359997","240.00000000000003","145.0","173.0"
2010-03-01,3,"121.88999999999999","131.58099999999996","144.0999998628","141.0","156.0","188.0"
2010-04-01,4,"173.98500000000004","157.26999999999998","176.69999980029996","120.50000000000001","116.0","144.0"
2010-05-01,5,"103.38900000000001","66.685","89.99999985","93.5","52.0","59.0"
2010-06-01,6,"23.004000000000005","9.433","19.499999974","6.6","10.0","13.0"
2010-07-01,7,"1.2469999999999999","0.4590000000000001","0.0","0.0","0.0","0.0"
2010-08-01,8,"7.401999999999999","6.648","0.0","0.0","8.0","3.0"
2010-09-01,9,"56.129000000000005","46.522000000000006","74.49999991710001","22.0","119.0","106.0"
2010-10-01,10,"101.91799999999998","98.664","21.799999968199998","51.30000000000001","85.0","110.0"
2010-11-01,11,"117.458","116.31199999999995","108.1999999611","96.9","150.0","191.0"
2010-12-01,12,"108.02199999999999","136.94800000000004","163.89999984390002","121.29999999999998","113.0","154.0"
2011-01-01,1,"77.60100000000001","84.39600000000002","65.9999999748","83.3","105.0","145.0"
2011-02-01,2,"75.78599999999999","86.89200000000001","93.39999991459999","71.0","108.0","0.0"
2011-03-01,3,"111.04899999999999","126.466","166.19999974689998","124.99999999999999","121.0","164.0"
2011-04-01,4,"128.57900000000004","134.81699999999998","210.59999979139997","171.0","141.0","175.0"
2011-05-01,5,"89.69799999999998","79.25","134.6999999053","91.89999999999999","95.0","98.0"
2011-06-01,6,"24.774","13.851","28.2999999564","70.60000000000001","29.0","21.0"
2011-07-01,7,"12.664000000000001","7.164000000000001","37.4999999553","13.4","26.0","23.0"
2011-08-01,8,"22.368000000000002","16.451","3.2999999984","3.4","37.0","34.0"
2011-09-01,9,"81.938","83.03399999999999","95.6999999115","103.39999999999999","131.0","138.0"
2011-10-01,10,"141.42900000000003","135.168","176.6999999391","135.90000000000003","160.0","199.0"
2011-11-01,11,"210.427","219.027","175.0999997354","215.90000000000003","189.0","261.0"
2011-12-01,12,"116.27499999999999","131.362","92.89999987590002","142.2","148.0","236.0"
2012-01-01,1,"56.64999999999999","74.939","6.799999999799999","14.6","22.0","41.0"
2012-02-01,2,"61.263000000000005","72.519","98.99999991489999","96.60000000000001","70.0","111.0"
2012-03-01,3,"98.844","92.777","150.09999991910001","89.5","92.0","119.0"
2012-04-01,4,"144.72599999999997","156.34400000000002","146.7999998933","202.99999999999997","213.0","257.0"
2012-05-01,5,"155.465","130.96599999999998","175.29999997739998","102.2","162.0","162.0"
2012-06-01,6,"16.019","7.406000000000001","35.3999999901","9.4","39.0","35.0"
2012-07-01,7,"1.256","0.895","0.0","0.0","0.0","0.0"
2012-08-01,8,"31.638000000000005","24.25","30.5999999717","24.299999999999997","68.0","60.0"
2012-09-01,9,"77.179","70.91900000000001","101.49999996230001","102.5","74.0","78.0"
2012-10-01,10,"158.42199999999997","174.90599999999998","134.69999988360001","162.10000000000002","169.0","209.0"
2012-11-01,11,"135.93500000000003","134.14499999999998","125.99999985710001","139.9","162.0","224.0"
2012-12-01,12,"127.506","137.126","163.399999857","200.6","93.0","158.0"
2013-01-01,1,"88.59300000000002","101.575","83.09999992690001","75.30000000000001","59.0","93.0"
2013-02-01,2,"45.36299999999999","51.598","18.6999999823","104.9","71.0","99.0"
2013-03-01,3,"210.14599999999996","186.45600000000002","154.4999998677","255.3","172.0","206.0"
2013-04-01,4,"198.025","237.85300000000004","232.19999988759994","204.99999999999994","193.0","226.0"
2013-05-01,5,"54.932","44.151","42.4999999916","33.400000000000006","99.0","90.0"
2013-06-01,6,"5.121","0.615","0.0","0.0","0.0","0.0"
2013-07-01,7,"0.8069999999999999","0.649","0.0","21.6","0.0","0.0"
2013-08-01,8,"23.802","17.279","39.499999959","3.4000000000000004","22.0","15.0"
2013-09-01,9,"112.03500000000001","86.68","137.79999987320002","42.9","83.0","99.0"
2013-10-01,10,"120.2","110.38799999999998","169.3999999372","63.199999999999996","83.0","94.0"
2013-11-01,11,"143.27800000000002","147.12199999999999","37.599999970800006","166.99999999999997","139.0","192.0"
2013-12-01,12,"161.92","182.716","93.5999999146","224.69999999999996","143.0","181.0"
2014-01-01,1,"79.981","103.732","68.49999990410001","77.99999999999999","45.0","77.0"
2014-02-01,2,"119.55399999999999","134.207","176.9999998072","136.29999999999998","93.0","129.0"
2014-03-01,3,"134.73000000000005","136.585","98.0999998673","146.2","98.0","159.0"
2014-04-01,4,"127.375","134.62399999999997","174.89999978240002","118.4","118.0","167.0"
2014-05-01,5,"39.343","33.669000000000004","21.199999972","1.9000000000000001","35.0","40.0"
2014-06-01,6,"10.281","5.957000000000002","8.499999990700001","24.299999999999997","19.0","17.0"
2014-07-01,7,"0.267","0.0","2.2999999998","0.0","11.0","9.0"
2014-08-01,8,"22.793000000000003","20.284","33.4999999804","0.0","59.0","65.0"
2014-09-01,9,"63.25","56.541","157.2999998082","83.7","80.0","83.0"
2014-10-01,10,"129.823","120.88699999999997","105.69999993329999","106.69999999999999","153.0","168.0"
2014-11-01,11,"132.76000000000002","123.60000000000001","156.1999998528","74.0","134.0","172.0"
2014-12-01,12,"67.478","85.19100000000002","146.1999998264","138.89999999999998","101.0","168.0"
2015-01-01,1,"37.619","49.047","70.1999999597","98.1","30.0","63.0"
2015-02-01,2,"76.74000000000001","78.4","44.1999999629","106.19999999999999","70.0","107.0"
2015-03-01,3,"145.389","167.576","94.99999990789999","88.73","131.0","168.0"
2015-04-01,4,"191.748","202.984","184.99999990679999","257.99999999999994","177.0","216.0"
2015-05-01,5,"84.41799999999999","80.403","180.7999998303","63.89999999999999","81.0","87.0"
2015-06-01,6,"14.995","11.280999999999999","58.699999921999996","11.8","12.0","7.0"
2015-07-01,7,"0.782","0.42499999999999993","0.0","0.0","2.0","0.0"
2015-08-01,8,"24.154","16.813","4.1999999899","36.8","2.0","2.0"
2015-09-01,9,"57.881","46.199999999999996","141.1999999695","37.1","52.0","61.0"
2015-10-01,10,"142.73199999999997","158.487","167.8999998598","153.49999999999997","214.0","236.0"
2015-11-01,11,"138.94899999999998","139.245","162.49999986769998","212.6","162.0","265.0"
2015-12-01,12,"74.452","98.23299999999999","76.7999999904","117.10000000000001","111.0","178.0"
2016-01-01,1,"117.18800000000003","146.517","41.6999999538","90.19999999999999","85.0","107.0"
2016-02-01,2,"69.59500000000001","82.097","109.9999999431","157.79999999999998","57.0","108.0"
2016-03-01,3,"173.96999999999994","175.61200000000002","103.2999998623","55.8","71.0","124.0"
2016-04-01,4,"190.84099999999998","198.86100000000005","122.89999983430002","177.3","248.0","267.0"
2016-05-01,5,"42.60000000000001","39.214999999999996","21.3999999971","2.9000000000000004","35.0","36.0"
2016-06-01,6,"4.361000000000001","0.537","0.0","0.0","0.0","0.0"
2016-07-01,7,"4.261","2.227","0.0","0.0","0.0","0.0"
2016-08-01,8,"13.626000000000001","6.931","0.0","6.9","8.0","8.0"
2016-09-01,9,"59.68600000000001","55.873","42.1999999534","24.800000000000004","63.0","65.0"
2016-10-01,10,"94.78999999999998","97.736","58.799999924800005","94.30000000000001","123.0","147.0"
2016-11-01,11,"153.50199999999998","141.892","212.1999998242","114.9","143.0","197.0"
2016-12-01,12,"63.977000000000004","80.701","40.699999961","44.300000000000004","75.0","122.0"
2017-01-01,1,"62.935","84.083","25.199999961","70.30000000000001","53.0","74.0"
2017-02-01,2,"81.819","94.424","75.1999999604","48.5","103.0","147.0"
2017-03-01,3,"120.104","124.05400000000002","131.89999981830002","216.6","134.0","195.0"
2017-04-01,4,"133.505","129.172","154.9999998246","160.39999999999998","119.0","161.0"
2017-05-01,5,"138.64900000000003","112.58300000000001","42.4999999777","85.8","115.0","117.0"
2017-06-01,6,"5.515","0.626","14.0999999829","0.2","0.0","0.0"
2017-07-01,7,"0.5840000000000001","0.047","0.0","0.0","0.0","0.0"
2017-08-01,8,"39.309999999999995","22.992","16.7999999896","31.599999999999998","19.0","27.0"
2017-09-01,9,"71.48","60.164000000000016","68.1999998752","72.9","79.0","81.0"
2017-10-01,10,"142.445","132.119","120.99999985059998","90.10000000000001","97.0","127.0"
2017-11-01,11,"164.873","161.84900000000002","249.29999974570003","146.59999999999997","112.0","182.0"
2017-12-01,12,"87.273","114.83099999999997","40.699999977299996","121.3","110.0","163.0"
